{
    "slot": {
        "lastScene": "Boss",
        "playerPos": {
            "x": -1.4024958610534669,
            "y": -0.6771988868713379,
            "z": 0.0
        },
        "cameraPos": {
            "x": 0.0,
            "y": 0.0,
            "z": -10.0
        }
    }
}