{
    "slot": {
        "lastScene": "Stage2",
        "playerPos": {
            "x": -3.649996757507324,
            "y": -2.7884702682495119,
            "z": 0.0
        },
        "cameraPos": {
            "x": 0.0,
            "y": 0.0,
            "z": -10.0
        }
    }
}